timestamp,open,high,low,close,volume
1986-03-01 05:00:00+00:00,0.0539632322488598,0.0629571042903364,0.0539632322488598,0.0581953562796115,1857052800
1986-04-01 05:00:00+00:00,0.0581953493588363,0.0743315395298021,0.0566083030360409,0.0682472512125969,547142400
1986-05-01 04:00:00+00:00,0.0682472688943497,0.0751250798844481,0.0656021910043944,0.074067048728466,333446400
1986-06-01 04:00:00+00:00,0.0740670592485178,0.0740670592485178,0.0624281064033709,0.0650731846690177,293788800
1986-07-01 04:00:00+00:00,0.0650731861132871,0.066660233107899,0.0550212800044309,0.0603114366531372,460800000
1986-08-01 04:00:00+00:00,0.0603114366531372,0.0650731861132871,0.057666358328784,0.0603114366531372,266256000
1986-09-01 04:00:00+00:00,0.0603114462788964,0.0666602437469318,0.0555503045351784,0.0597824305295944,285120000
1986-10-01 04:00:00+00:00,0.0597824366335784,0.0851770251630486,0.0581953892236296,0.082002930343151,1565712000
1986-11-01 05:00:00+00:00,0.0825319282748102,0.1084549108622321,0.0825319282748102,0.1052808165550232,1053964800
1986-12-01 05:00:00+00:00,0.1052808127710935,0.1058098330108165,0.0957579217153565,0.1021067276597023,721526400
1987-01-01 05:00:00+00:00,0.1021067054320786,0.1640051750406373,0.1005196541401318,0.154746800661087,1961596800
1987-02-01 05:00:00+00:00,0.1547469031973895,0.1682380287437481,0.1407273656525621,0.1624182313680648,1834272000
1987-03-01 05:00:00+00:00,0.1624181669325881,0.2095036133223754,0.155540349498808,0.2047424763441085,1783324800
1987-04-01 05:00:00+00:00,0.2047424263751772,0.2306654029534467,0.1915158059191532,0.220084473490715,2118585600
1987-05-01 04:00:00+00:00,0.2200844814142331,0.271402660479905,0.2174394078836814,0.2438920140266418,2192054400
1987-06-01 04:00:00+00:00,0.2438920029923532,0.2438920029923532,0.203683784826357,0.2158523648977279,1729353600
1987-07-01 04:00:00+00:00,0.2153233679137466,0.2237882361843041,0.1872837256222299,0.1989226788282394,1813536000
1987-08-01 04:00:00+00:00,0.1989226164601543,0.2565889526760314,0.1931028238210615,0.251298189163208,2034921600
1987-09-01 04:00:00+00:00,0.249711087423121,0.2819834559597214,0.2243171314493834,0.2803958058357239,1554912000
1987-10-01 04:00:00+00:00,0.2803959762850072,0.3354172436380735,0.157657028023091,0.2105616331100464,3567225600
1987-11-01 05:00:00+00:00,0.2084454605500599,0.220084389517214,0.1714119400269095,0.1893996894359588,1550188800
1987-12-01 05:00:00+00:00,0.188341766953439,0.2370142649428544,0.1692959839688526,0.229607418179512,1780200000
1988-01-01 05:00:00+00:00,0.2317233907194002,0.2613500941723191,0.2222005029402284,0.2359561324119568,1966795200
1988-02-01 05:00:00+00:00,0.2401882505691539,0.2571179636388342,0.2105615478535446,0.251298189163208,1403899200
1988-03-01 05:00:00+00:00,0.2528859692469652,0.2772219027616673,0.2296074406420664,0.2391303330659866,2113675200
1988-04-01 05:00:00+00:00,0.2370142358835917,0.2486531706778375,0.2232586027348475,0.2306654304265976,1155096000
1988-05-01 04:00:00+00:00,0.2306653382312032,0.2507691330800745,0.226433214656787,0.2454789876937866,1033012800
1988-06-01 04:00:00+00:00,0.2465369967707957,0.2856865597500765,0.2444209352487923,0.2835704982280731,1198598400
1988-07-01 04:00:00+00:00,0.2835706426988585,0.2983836802939393,0.2401883170158514,0.2518272697925567,1401105600
1988-08-01 04:00:00+00:00,0.2528857835715151,0.253943823426132,0.2020966556170385,0.2116195410490036,1862596800
1988-09-01 04:00:00+00:00,0.2095036909271979,0.2338402486911729,0.2031548823251578,0.2211426496505737,1216584000
1988-10-01 04:00:00+00:00,0.2169103653099244,0.2285493156101835,0.2020967133087453,0.2073874771595001,1532102400
1988-11-01 05:00:00+00:00,0.2073874876481949,0.2137356744187611,0.1915157946876482,0.1999806612730026,1558929600
1988-12-01 05:00:00+00:00,0.2010387960043302,0.2296074779135591,0.1989227507248749,0.2253753691911697,1030464000
1989-01-01 05:00:00+00:00,0.226433264493402,0.2550019303366949,0.2126776338151578,0.2523568570613861,1375084800
1989-02-01 05:00:00+00:00,0.2518272697925567,0.2740477525222274,0.2475951445924083,0.2518272697925567,1802145600
1989-03-01 05:00:00+00:00,0.2539439904428715,0.2634668821379591,0.193631919226246,0.2110906690359115,3058704000
1989-04-01 05:00:00+00:00,0.2116195888669097,0.2391302115245331,0.2010386611894441,0.2364851385354995,1134820800
1989-05-01 04:00:00+00:00,0.2343691054350762,0.2581760185535862,0.2158523571109593,0.2560599744319916,1258977600
1989-06-01 04:00:00+00:00,0.2550019368073256,0.2571179991139611,0.2169103813830351,0.2243172079324722,1072584000
1989-07-01 04:00:00+00:00,0.2248462439537725,0.2412463325879645,0.2179684458393169,0.2317234426736831,1221019200
1989-08-01 04:00:00+00:00,0.231723358035415,0.25605991196911,0.2285492744638356,0.2486530691385269,1380729600
1989-09-01 04:00:00+00:00,0.2497111383092577,0.2941514921150935,0.2444209923501034,0.2899187505245209,1284523200
1989-10-01 04:00:00+00:00,0.2888609549733856,0.3639860788793839,0.2878029321512592,0.3459983468055725,2608992000
1989-11-01 05:00:00+00:00,0.3459981089738524,0.3777414600132671,0.3216621840413506,0.3682185709476471,1835870400
1989-12-01 05:00:00+00:00,0.3687476001585488,0.3735087177489089,0.3174294417769924,0.3682185709476471,1460664000
1990-01-01 05:00:00+00:00,0.3692765785487298,0.4063100712927691,0.3555209491118341,0.3914964199066162,2380968000
1990-02-01 05:00:00+00:00,0.3914965701576945,0.4253560100487566,0.3904385478023828,0.4179491996765136,1429344000
1990-03-01 05:00:00+00:00,0.4168910692089203,0.4951902248927523,0.4168910692089203,0.4687376022338867,1717819200
1990-04-01 05:00:00+00:00,0.4645053957827465,0.5332816450359886,0.4623893158320739,0.4909579753875732,1200837600
1990-05-01 04:00:00+00:00,0.4973062483944895,0.6666021981237884,0.4803765517061363,0.6179296970367432,1634767200
1990-06-01 04:00:00+00:00,0.6200459119490344,0.6581374721593465,0.6010000955169356,0.6433244347572327,1165960800
1990-07-01 04:00:00+00:00,0.6433242927221485,0.6835318884643433,0.5565596253156256,0.562908411026001,1548979200
1990-08-01 04:00:00+00:00,0.5607924604654196,0.5692573278541215,0.4295880512583502,0.5205848217010498,1983837600
1990-09-01 04:00:00+00:00,0.5163521264113261,0.5375139880378299,0.4613308647898659,0.5332818627357483,1270843200
1990-10-01 04:00:00+00:00,0.5480954591183952,0.5798382299703426,0.4528665653315115,0.5396305918693542,2198116800
1990-11-01 05:00:00+00:00,0.533281808178045,0.6285107024955531,0.5311657639069594,0.6115809679031372,1253152800
1990-12-01 05:00:00+00:00,0.6200458650480383,0.6496725188423537,0.596767925231693,0.6369755268096924,960004800
1991-01-01 05:00:00+00:00,0.6348592533125821,0.8422460456007885,0.6179295250103852,0.8306071162223816,2219774400
1991-02-01 05:00:00+00:00,0.8380143244618994,0.9226622763869772,0.8232006331777341,0.8782219290733337,1781582400
1991-03-01 05:00:00+00:00,0.8718738280598699,0.9565211292273736,0.7872258003534865,0.8983258008956909,1932552000
1991-04-01 05:00:00+00:00,0.8972676879490575,0.9946126305619292,0.8126197380264041,0.8380143046379089,1985781600
1991-05-01 04:00:00+00:00,0.8337824230037597,0.9522892190590831,0.8179106696218025,0.929011344909668,1462701600
1991-06-01 04:00:00+00:00,0.926894324345188,0.9713346662164064,0.8253172303981334,0.8649958372116089,1295402400
1991-07-01 04:00:00+00:00,0.8729317167261407,0.9395919421175286,0.7681799339682454,0.9332431554794312,1587283200
1991-08-01 04:00:00+00:00,0.9364171274063676,1.1014809070963882,0.9110231468624858,1.082435131072998,1281158400
1991-09-01 04:00:00+00:00,1.079260803619428,1.142746938384506,1.0157752500854995,1.1300499439239502,834076800
1991-10-01 04:00:00+00:00,1.130049461553324,1.209406660212056,1.0951320151526494,1.1919479370117188,1061928000
1991-11-01 05:00:00+00:00,1.187187198004747,1.2919389924983686,1.1522697394298385,1.2348016500473022,887236800
1991-12-01 05:00:00+00:00,1.2221040839521005,1.4220847839386863,1.218929980870619,1.4125618934631348,808771200
1992-01-01 05:00:00+00:00,1.4062138472976178,1.6919005940692888,1.3903421676221337,1.5268367528915403,1468929600
1992-02-01 05:00:00+00:00,1.5014423745194994,1.637936924482718,1.434782150848691,1.5681025981903076,1394030400
1992-03-01 05:00:00+00:00,1.5712774705283248,1.6538094101988348,1.4823973225048357,1.5046172142028809,1204272000
1992-04-01 05:00:00+00:00,1.488744776608259,1.6411109995867084,1.35859901530151,1.399864673614502,2138961600
1992-05-01 04:00:00+00:00,1.4030386396035526,1.5522307454904598,1.3871675470756175,1.5363590717315674,1069233600
1992-06-01 04:00:00+00:00,1.5300110812983931,1.5807996307100567,1.25226023903945,1.3332045078277588,1576800000
1992-07-01 04:00:00+00:00,1.3379660981539576,1.4236720929428988,1.2474983685945873,1.3855805397033691,1245196800
1992-08-01 04:00:00+00:00,1.3855802158709074,1.428432912634523,1.295112507455301,1.418910026550293,889324800
1992-09-01 04:00:00+00:00,1.4093877869363156,1.561754034172674,1.3951037418734604,1.533185362815857,1002921600
1992-10-01 04:00:00+00:00,1.523661929078536,1.7188814043571732,1.4427176797116883,1.690312743186951,1146720000
1992-11-01 05:00:00+00:00,1.695074089722015,1.8093487474560832,1.6617442718317277,1.773637771606445,1227161600
1992-12-01 05:00:00+00:00,1.7664960524369344,1.790302982331173,1.623652729378596,1.6260333061218262,1133328000
1993-01-01 05:00:00+00:00,1.6188914307280082,1.7903034645697973,1.60936853995902,1.6474601030349731,1411331200
1993-02-01 05:00:00+00:00,1.6426985186956324,1.7188816249254362,1.4617636413998485,1.5879417657852173,1548342400
1993-03-01 05:00:00+00:00,1.595084324723359,1.795065009596579,1.5474698759440209,1.7617346048355105,1197958400
1993-04-01 05:00:00+00:00,1.7617340952332257,1.8045873773543468,1.5189007673165265,1.6284136772155762,1298633600
1993-05-01 04:00:00+00:00,1.6284138480255783,1.81887160802857,1.6093680720252794,1.7641148567199707,1304448000
1993-06-01 04:00:00+00:00,1.7712575075301258,1.8664864057844337,1.6522216753277752,1.676028609275818,1216211200
1993-07-01 04:00:00+00:00,1.6807900766288848,1.6855512301664095,1.3712959160675873,1.409387469291687,1953414400
1993-08-01 04:00:00+00:00,1.4236725336847105,1.5093785550065977,1.3403470898695304,1.430814266204834,1871481600
1993-09-01 04:00:00+00:00,1.4331957190304156,1.6046077968474657,1.3951041461821825,1.571277379989624,1162460800
1993-10-01 04:00:00+00:00,1.5712763189141494,1.6331753736080268,1.4855703378824685,1.5260424613952637,1370752000
1993-11-01 05:00:00+00:00,1.5284234662036629,1.5807990476489069,1.447478646039963,1.523661732673645,966515200
1993-12-01 05:00:00+00:00,1.533184561801603,1.647459187525946,1.5093776387244329,1.5355651378631592,934784000
1994-01-01 05:00:00+00:00,1.5331853757679923,1.656982952693358,1.509378440051747,1.6212719678878784,1233651200
1994-02-01 05:00:00+00:00,1.6188918460499155,1.6331764764836407,1.485571341081099,1.571277379989624,1368720000
1994-03-01 05:00:00+00:00,1.5807991501261125,1.6998355213233292,1.518900678839015,1.6141295433044434,1377510400
1994-04-01 05:00:00+00:00,1.5712768097181578,1.8141107891083144,1.5617539199622903,1.7617346048355105,1871520000
1994-05-01 04:00:00+00:00,1.7664964765392863,2.04801692665449,1.7307854918934282,2.047421455383301,1629892800
1994-06-01 04:00:00+00:00,2.0378980488223544,2.080751335791576,1.876008951485999,1.9664766788482664,2439195200
1994-07-01 04:00:00+00:00,1.9664770762313497,1.971238230617301,1.7855421661746893,1.9617153406143188,1527966400
1994-08-01 04:00:00+00:00,1.9664775096649096,2.2569254281582833,1.9617157729983392,2.2140727043151855,1290998400
1994-09-01 04:00:00+00:00,2.171218971987314,2.2188334231273865,2.090274695664737,2.1378891468048096,964849600
1994-10-01 04:00:00+00:00,2.1378891602114547,2.428337023371742,2.0521831476218635,2.399768352508545,1207155200
1994-11-01 05:00:00+00:00,2.3902458737418177,2.480713637666369,2.314062738323752,2.395007610321045,1024286400
1994-12-01 05:00:00+00:00,2.385484309466017,2.447382805766748,2.2378792192808787,2.3283469676971436,1059353600
1995-01-01 05:00:00+00:00,2.342630340318496,2.48547365375255,2.218832802008982,2.261686086654663,1111609600
1995-02-01 05:00:00+00:00,2.261686733951975,2.409291242796278,2.2235951728010455,2.399768352508545,998657600
1995-03-01 05:00:00+00:00,2.404530963081277,2.823538288184197,2.390246331837114,2.709263563156128,1415724800
1995-04-01 05:00:00+00:00,2.7045018228186746,3.128270884967536,2.618795779137801,3.1139862537384033,1299571200
1995-05-01 04:00:00+00:00,3.1187469132011403,3.4091947813301986,3.004472227793424,3.225879430770874,1333040000
1995-06-01 04:00:00+00:00,3.237782491235378,3.518708027413977,3.1139849253940253,3.4425249099731445,1270388800
1995-07-01 04:00:00+00:00,3.461571472621568,4.16150373187513,3.3711037095739043,3.44728684425354,2330859200
1995-08-01 04:00:00+00:00,3.456808981379947,3.837724571614652,3.313965635041933,3.5234692096710205,2130745600
1995-09-01 04:00:00+00:00,3.4949013034283127,3.7282124440002944,3.1758847175729317,3.44728684425354,1622329600
1995-10-01 04:00:00+00:00,3.447286989688873,3.9377162304950257,3.0616101447177426,3.809156894683838,2228136000
1995-11-01 05:00:00+00:00,3.81391613494763,3.8472459453438543,3.209212583120987,3.318726062774658,1870920000
1995-12-01 05:00:00+00:00,3.3187266597342284,3.609174444464877,3.242543558004099,3.342533588409424,1653614400
1996-01-01 05:00:00+00:00,3.347296039803002,3.5520378789386235,3.042563567615238,3.5234692096710205,2056616000
1996-02-01 05:00:00+00:00,3.513946295367304,3.947238066847909,3.504423405677962,3.7591609954833984,1636929600
1996-03-01 05:00:00+00:00,3.74725655911744,4.078176321801231,3.604413245197416,3.9281914234161377,1698950400
1996-04-01 05:00:00+00:00,3.9287871503277327,4.337676514155676,3.794871805611684,4.313868999481201,1346283200
1996-05-01 04:00:00+00:00,4.299584577455841,4.570986617238898,4.175787023238954,4.523372173309326,1207328000
1996-06-01 04:00:00+00:00,4.5233732063778875,4.79477588937613,4.428144296769933,4.575749397277832,1280102400
1996-07-01 04:00:00+00:00,4.580510818917635,4.680501470445145,4.09484335163115,4.490043640136719,2176897600
1996-08-01 04:00:00+00:00,4.490042271066964,4.804297595255508,4.470996493843416,4.666215419769287,1143864000
1996-09-01 04:00:00+00:00,4.647169354662351,5.280441989346273,4.594793761157661,5.023324012756348,1299435200
1996-10-01 04:00:00+00:00,5.0185619555753,5.2994877316629365,4.985232428941902,5.228065490722656,1340635200
1996-11-01 05:00:00+00:00,5.228067040012116,6.018466975023055,5.199498367662323,5.975614547729492,1620968000
1996-12-01 05:00:00+00:00,5.999421835306372,6.5612724516287155,5.647670019367279,6.294631481170654,1459023200
1997-01-01 05:00:00+00:00,6.332720912554684,7.86590597559424,6.151786029338836,7.770677089691162,1565781600
1997-02-01 05:00:00+00:00,7.818292041925284,7.884952266399678,7.161212686391978,7.427853584289551,1297152800
1997-03-01 05:00:00+00:00,7.389762419529917,7.694494890438367,6.675545690838237,6.985040187835693,1477638400
1997-04-01 05:00:00+00:00,6.866002533170913,9.34195351600647,6.837433867984348,9.256247520446776,1907452000
1997-05-01 04:00:00+00:00,9.294335842132568,9.832378849387169,8.751531392335892,9.446702003479004,1297835200
1997-06-01 04:00:00+00:00,9.52289083237464,10.279960653548423,9.00865472742641,9.627642631530762,970189600
1997-07-01 04:00:00+00:00,9.63240638677684,11.484608404832429,9.389572045741936,10.770391464233398,1693945600
1997-08-01 04:00:00+00:00,10.770387922787496,11.017983047449276,9.97998810175181,10.07045555114746,1169070400
1997-09-01 04:00:00+00:00,10.141878686651737,10.68468346143028,9.951420870939966,10.07997989654541,1153615200
1997-10-01 04:00:00+00:00,10.094263535279492,10.637068272553956,9.408615446090698,9.90380573272705,1533380800
1997-11-01 05:00:00+00:00,10.027604536117176,10.83705029639254,9.827623818872674,10.779912948608398,915970400
1997-12-01 05:00:00+00:00,10.813240529490164,11.170348869301597,8.98960727418645,9.846667289733888,1437224000
1998-01-01 05:00:00+00:00,9.875236014217126,11.436989829387432,9.475274671307655,11.365568161010742,1486108000
1998-02-01 05:00:00+00:00,11.560784519949497,13.103492174176692,11.465555652404603,12.913034439086914,1402018400
1998-03-01 05:00:00+00:00,13.084451197245931,13.855805307127245,12.075024831228417,13.636778831481934,1099927600
1998-04-01 05:00:00+00:00,13.684390677162414,15.103301053569652,13.198723367116983,13.73200511932373,1018977200
1998-05-01 04:00:00+00:00,13.741530180153111,13.86532774934368,12.474985818434218,12.922561645507812,1095382400
1998-06-01 04:00:00+00:00,12.779715611722915,16.54125634691707,12.665440956476512,16.51268768310547,1233152400
1998-07-01 04:00:00+00:00,16.626965373669787,18.226810839177535,16.05559199313131,16.750762939453125,1229298000
1998-08-01 04:00:00+00:00,16.626963289242227,17.33165703689625,14.589065154134644,14.617633819580078,1350039600
1998-09-01 04:00:00+00:00,14.51288473463952,17.464980710845722,14.398610051689603,16.76980972290039,1192324400
1998-10-01 04:00:00+00:00,16.465076036689695,16.77933139193016,13.370136932048776,16.13177490234375,1643049200
1998-11-01 05:00:00+00:00,16.207961223164546,19.84808647437174,15.960366045842406,18.58868408203125,1162706800
1998-12-01 05:00:00+00:00,18.322039868499633,21.94073797142576,18.30299408901055,21.13129234313965,1101522000
1999-01-01 05:00:00+00:00,21.2717456979411,26.683125437327792,20.72179905482701,26.664079666137695,1472518800
1999-02-01 05:00:00+00:00,26.73075410348986,26.80693722882934,21.938359375103232,22.87398338317871,1599103200
1999-03-01 05:00:00+00:00,22.78826689088361,28.83529968474533,22.40735143930177,27.31163787841797,1569410000
1999-04-01 05:00:00+00:00,27.806839763339347,29.140044409526848,24.34050768325184,24.778560638427734,1163599400
1999-05-01 04:00:00+00:00,24.816649778973307,24.930924451785156,23.007300792785692,24.58810043334961,1124257000
1999-06-01 04:00:00+00:00,24.569058170437565,27.502108525668095,23.197761900459657,27.483062744140625,887432600
1999-07-01 04:00:00+00:00,27.387816315919743,30.701780181684725,26.054612461876367,26.14984130859375,1144701200
1999-08-01 04:00:00+00:00,26.111762874276153,29.36859106647252,24.873787245663497,28.206798553466797,1347994200
1999-09-01 04:00:00+00:00,28.130604057496296,29.825677694000813,27.06404087048222,27.597322463989254,977273600
1999-10-01 04:00:00+00:00,27.48305895520094,29.025767046241324,25.921305085258822,28.206798553466797,1062304400
1999-11-01 05:00:00+00:00,28.416307450977467,28.797223100454374,25.71180633969141,27.744943618774418,1465256000
1999-12-01 05:00:00+00:00,27.74969661925028,36.548845444297385,27.692559289217503,35.577510833740234,1260977800
2000-01-01 05:00:00+00:00,35.767988256110996,36.14890399898758,28.91150488433253,29.825702667236328,1274875200
2000-02-01 05:00:00+00:00,30.016145740855823,33.52056884765625,26.8545466336337,27.235462188720703,1334487600
2000-03-01 05:00:00+00:00,27.311649102603685,35.04423594755285,27.10214551813462,32.37782669067383,2028187600
2000-04-01 05:00:00+00:00,28.778171313706263,29.40668200421077,19.80760964014197,21.255088806152344,2258146600
2000-05-01 04:00:00+00:00,22.20737641722291,22.55020040994162,18.398220942570617,19.06482315063477,1344430800
2000-06-01 04:00:00+00:00,19.61714480817318,25.045189730823044,19.445732863247397,24.37858772277832,1467050200
2000-07-01 04:00:00+00:00,24.28336438048387,25.25469895570323,20.49325495952992,21.274131774902344,1234185800
2000-08-01 04:00:00+00:00,21.312223326871727,22.816839629662493,20.759895823315624,21.274131774902344,1219399800
2000-09-01 04:00:00+00:00,21.331270682379373,21.95978133641377,17.864939196492724,18.379175186157227,1425533800
2000-10-01 04:00:00+00:00,18.436312957597515,21.36936274630621,14.760477832787265,20.988447189331055,2469415600
2000-11-01 05:00:00+00:00,20.87417705594065,22.055015539032183,17.369753170636745,17.484027862548828,1983462600
2000-12-01 05:00:00+00:00,17.693529901312132,18.474406893727416,12.28452829531359,13.217771530151367,2056668200
2001-01-01 05:00:00+00:00,13.44632205162712,19.731430092755947,13.065406412770828,18.607728958129883,2005531200
2001-02-01 05:00:00+00:00,18.531549118332943,19.826662520230823,16.41746694758787,17.97922134399414,1536895600
2001-03-01 05:00:00+00:00,17.845898583548408,18.626775682721817,15.160443193708147,16.66506004333496,1895349800
2001-04-01 05:00:00+00:00,16.70314796032501,21.666477436572443,15.560401235559327,20.6456241607666,2075807000
2001-05-01 04:00:00+00:00,20.61820182396007,21.98645008192157,20.49326038446281,21.08139419555664,1777305800
2001-06-01 04:00:00+00:00,21.20937919626168,23.205377781133155,20.11539075785928,22.24547004699707,1449177800
2001-07-01 04:00:00+00:00,21.955987171817497,22.291192603654498,19.56383413910124,20.17025375366211,1455201000
2001-08-01 04:00:00+00:00,20.356136270482704,20.58163771758724,17.156443175754003,17.384992599487305,1153896400
2001-09-01 04:00:00+00:00,17.4276492543383,18.0035945896391,14.474792087063664,15.593159675598145,1510824400
2001-10-01 04:00:00+00:00,15.523063483300264,19.390117248745387,15.361555730671794,17.720184326171875,1750891000
2001-11-01 05:00:00+00:00,18.308327377436783,20.825415908696023,18.162054768695512,19.566871643066406,1330968600
2001-12-01 05:00:00+00:00,19.451070458206505,21.297748134963495,19.44192769535255,20.188522338867188,977089000
2002-01-01 05:00:00+00:00,20.310421188497227,21.520209561570567,18.68924441354093,19.414506912231445,1360115800
2002-02-01 05:00:00+00:00,19.548587408663636,19.655243302685633,17.415460228527213,17.778091430664062,1131159200
2002-03-01 05:00:00+00:00,17.99445062284164,19.80760890087575,17.76894926479502,18.378414154052734,1073244200
2002-04-01 05:00:00+00:00,18.232139176537107,18.405836543218864,15.675433486552896,15.92531394958496,1417479400
2002-05-01 04:00:00+00:00,15.894841030635366,17.199095256234497,14.73381023439069,15.513925552368164,1420266200
2002-06-01 04:00:00+00:00,15.538309874291537,17.199100982511727,14.98369568381612,16.668867111206055,1834073000
2002-07-01 04:00:00+00:00,16.492125721872707,16.738959512464945,12.618975186710454,14.621068000793455,2432188000
2002-08-01 04:00:00+00:00,14.499172436435718,16.287951827771106,13.347282833423476,14.956271171569824,1715757200
2002-09-01 04:00:00+00:00,14.785616206539204,15.571825195071671,13.137013966914289,13.32899570465088,1695705800
2002-10-01 04:00:00+00:00,13.505734203749006,16.476873856124293,13.161386410856329,16.294034957885742,2475370600
2002-11-01 05:00:00+00:00,15.97712539621184,17.869513981095864,15.815617539881933,17.57697105407715,1555997200
2002-12-01 05:00:00+00:00,17.87255471374208,17.96702100842152,15.620581428692477,15.754664421081545,1268370200
2003-01-01 05:00:00+00:00,15.937509905069744,17.46726723176526,14.331569451521638,14.462604522705078,1718662200
2003-02-01 05:00:00+00:00,14.605822742495649,15.230523875149808,14.017689169141258,14.44431495666504,1346970800
2003-03-01 05:00:00+00:00,14.686419578947966,16.38617926769188,13.78762464566836,14.802589416503906,1371902600
2003-04-01 05:00:00+00:00,14.955448640599522,16.15995612959803,14.64362304820514,15.634130477905272,1249617700
2003-05-01 04:00:00+00:00,15.615775330041236,16.202742028662463,14.606924421712352,15.04715061187744,1311003700
2003-06-01 04:00:00+00:00,15.273389251296976,16.20886949429607,14.4296236494116,15.676929473876951,1569995800
2003-07-01 04:00:00+00:00,15.646356148849888,17.003718387999147,15.52407075813738,16.147724151611328,1292011000
2003-08-01 04:00:00+00:00,16.09880628828099,16.47788997374669,15.5485244971595,16.214977264404297,966506900
2003-09-01 04:00:00+00:00,16.325041868982385,18.34274314887899,16.184413285195493,16.997608184814453,1253309100
2003-10-01 04:00:00+00:00,17.138229578289813,18.01256565528551,15.84200909313444,15.982636451721191,1400032500
2003-11-01 05:00:00+00:00,16.201425495486575,16.44736720038304,15.272994533352668,15.807917594909668,1442336700
2003-12-01 05:00:00+00:00,15.924737895272902,16.939248004902236,15.678796228202511,16.828575134277344,1476461300
2004-01-01 05:00:00+00:00,16.957700390083527,17.72626911909881,16.760946983094463,17.00074005126953,1232189000
2004-02-01 05:00:00+00:00,16.976140657350918,17.09296221984324,16.201423502662667,16.312097549438477,1032065600
2004-03-01 05:00:00+00:00,16.373583493786338,16.42892052192348,14.762664507050204,15.328330993652344,1703041000
2004-04-01 05:00:00+00:00,15.340625021776916,17.043771625920602,15.279139318079446,16.066152572631836,1558947800
2004-05-01 04:00:00+00:00,16.10304238151555,16.355132674935227,15.629604055730464,16.127635955810547,1141456900
2004-06-01 04:00:00+00:00,16.066155759026838,17.707818157805637,15.900145850683918,17.560253143310547,1534889700
2004-07-01 04:00:00+00:00,17.646337787287248,18.378014343910586,16.754797627898306,17.5172176361084,1550446900
2004-08-01 04:00:00+00:00,17.381945727512996,17.554104323434476,16.508851852043062,16.78553581237793,1094195300
2004-09-01 04:00:00+00:00,16.791879666082828,17.137214804945323,16.489712301729337,17.050880432128906,1141012300
2004-10-01 04:00:00+00:00,17.155714696935497,17.815549696632768,16.989213946674983,17.248214721679688,1300591200
2004-11-01 05:00:00+00:00,17.365389434381772,18.62339406991387,16.09505231951863,16.532886505126953,1739407300
2004-12-01 05:00:00+00:00,18.522792241822454,18.859570115737895,18.33722035897372,18.36471176147461,1803777700
2005-01-01 05:00:00+00:00,18.419699715623516,18.6258911765068,17.62242921309481,18.06230354309082,1521414300
2005-02-01 05:00:00+00:00,18.041677917951564,18.213503421932053,17.271899083312157,17.292518615722656,1361126000
2005-03-01 05:00:00+00:00,17.366550784971032,17.780204491794418,16.422041509640447,16.663339614868164,1541411300
2005-04-01 05:00:00+00:00,16.711610197855553,17.545812553683515,16.504783863006185,17.442398071289062,1520253700
2005-05-01 04:00:00+00:00,17.39413668748936,17.98704070806761,16.987377135925623,17.787107467651367,1270563700
2005-06-01 04:00:00+00:00,17.795106815892023,17.981841641843236,17.16574246395871,17.179574966430664,1303029500
2005-07-01 04:00:00+00:00,17.18649851854086,18.313821566094116,16.94443489901256,17.712121963500977,1321407700
2005-08-01 04:00:00+00:00,17.85043753435447,19.323566236455783,17.815857593386536,18.936264038085938,1441979300
2005-09-01 04:00:00+00:00,18.992440979821527,18.999377749823154,17.424768004954522,17.847900390625,1348861500
2005-10-01 04:00:00+00:00,17.834028572007107,17.896458184994017,16.821283868981627,17.82709312438965,1439659900
2005-11-01 05:00:00+00:00,17.764656902174455,19.595921340336865,17.764656902174455,19.20053482055664,1444948300
2005-12-01 05:00:00+00:00,19.291606688063137,19.549014217185956,18.15762532381944,18.19240951538086,1271695500
2006-01-01 05:00:00+00:00,18.26198545035144,19.74381454304403,18.157631513164468,19.583805084228516,1388622700
2006-02-01 05:00:00+00:00,19.45161350170048,19.528140305261715,18.32458939125658,18.69330787658691,1047699000
2006-03-01 05:00:00+00:00,18.83343455820332,19.69901850697181,18.5821368514176,18.993986129760746,1437940900
2006-04-01 05:00:00+00:00,19.315090608880027,19.50356488758494,16.753240814418135,16.857948303222656,1446126900
2006-05-01 04:00:00+00:00,16.976616520962416,17.451291872934704,15.671260634466528,15.810870170593262,2309193400
2006-06-01 04:00:00+00:00,15.935592940733592,16.573296867314415,15.038602170656755,16.328025817871094,1971637200
2006-07-01 04:00:00+00:00,16.48920930328126,17.23903711490632,15.578202489038617,16.860618591308594,1332298100
2006-08-01 04:00:00+00:00,16.832591030056843,18.395316657713757,16.71345940204684,18.009891510009766,1134188400
2006-09-01 04:00:00+00:00,18.20985117828745,19.356319991364973,17.85817385871269,19.23674964904785,1097482600
2006-10-01 04:00:00+00:00,19.21564914092046,20.291782256160474,19.096078794782677,20.19331169128418,1290967400
2006-11-01 05:00:00+00:00,20.242542356272946,21.100634336328444,20.10187092408054,20.650487899780273,1239142000
2006-12-01 05:00:00+00:00,20.62933426266533,21.356266482588293,20.32585769176421,21.073963165283203,1137160900
2007-01-01 05:00:00+00:00,21.10925250338712,22.217293966354653,20.749315236146263,21.77972412109375,1324518200
2007-02-01 05:00:00+00:00,21.76561000120309,21.836186177995323,19.613045358875866,19.88123321533203,1290850900
2007-03-01 05:00:00+00:00,19.702299825886264,20.21929012105782,18.838288592142163,19.73771095275879,1269506500
2007-04-01 04:00:00+00:00,19.75187168836711,21.770259751418873,19.5181636821693,21.20369529724121,958964900
2007-05-01 04:00:00+00:00,21.20369524868575,22.067706377027196,21.17536635064364,21.73484992980957,1327154700
2007-06-01 04:00:00+00:00,21.876309692616232,21.95446382126599,20.632933894508604,20.938447952270508,1181412800
2007-07-01 04:00:00+00:00,21.080552731340795,22.62233907841525,20.56899279023295,20.597412109375,1295548000
2007-08-01 04:00:00+00:00,20.568988732440417,21.386063985375856,19.545867696890852,20.412677764892575,1228579500
2007-09-01 04:00:00+00:00,20.32023869827919,21.282776592813676,20.15625113341122,21.004709243774418,1117419500
2007-10-01 04:00:00+00:00,21.00470313305245,26.38065309148506,20.88349603248126,26.24518585205078,1772076700
2007-11-01 04:00:00+00:00,26.045548657251995,26.737150486862113,23.300535628538256,23.956485748291016,1830846800
2007-12-01 05:00:00+00:00,23.964164319806233,26.267586360490004,23.34181215975422,25.466394424438477,1064817100
2008-01-01 05:00:00+00:00,25.60230272243979,25.723910559049543,22.20440010101715,23.320341110229492,1950301600
2008-02-01 05:00:00+00:00,22.218710652829948,23.785323306803893,19.32870516204205,19.45746803283691,2324580800
2008-03-01 05:00:00+00:00,19.56179937274871,21.249399827023847,19.296092877356767,20.380464553833008,1452390200
2008-04-01 04:00:00+00:00,20.703616232015456,23.051892168408067,20.057301741542997,20.48099708557129,1444720000
2008-05-01 04:00:00+00:00,20.466638842185485,21.924438522991174,20.07166916680318,20.33737564086914,1405170200
2008-06-01 04:00:00+00:00,20.35457949553714,21.31320518234823,19.540108605518316,19.82841682434082,1560439100
2008-07-01 04:00:00+00:00,19.655438981207215,20.11673229767518,17.925587669689822,18.53824234008789,1637501300
2008-08-01 04:00:00+00:00,18.68238667713137,20.541976031289185,18.06973097668443,19.669843673706055,1206949700
2008-09-01 04:00:00+00:00,20.023290375176305,20.088418643485255,17.005685671095495,19.314117431640625,1927538700
2008-10-01 04:00:00+00:00,19.08978600624782,19.878560468781792,14.943293642447047,16.159019470214844,3044579400
2008-11-01 04:00:00+00:00,16.267556910662208,17.12145915754527,12.663801233701816,14.63211727142334,1794911800
2008-12-01 05:00:00+00:00,14.483538397339522,15.481650097393496,13.456285490280113,14.162978172302246,1546943400
2009-01-01 05:00:00+00:00,14.228551440125624,15.29951713964636,12.203186289956026,12.458178520202637,1564043400
2009-02-01 05:00:00+00:00,12.407175390900637,14.51996473029657,11.729625394736786,11.76605224609375,1456213400
2009-03-01 05:00:00+00:00,11.707351993802607,13.849297950468898,10.907789623555482,13.475192070007324,1625752800
2009-04-01 04:00:00+00:00,13.372496686214165,15.551121616504886,13.335820073559493,14.861590385437012,1562400700
2009-05-01 04:00:00+00:00,14.810237712861648,15.360395117063256,13.944656506391494,15.32371711730957,1101122400
2009-06-01 04:00:00+00:00,15.502243722399816,17.967838788984103,15.398895881479945,17.54706382751465,1411144700
2009-07-01 04:00:00+00:00,17.75376072498338,18.986558342687193,16.240446916428777,17.36251449584961,1517459800
2009-08-01 04:00:00+00:00,17.583974273041402,18.81677186975634,17.00079533040854,18.19668197631836,993250400
2009-09-01 04:00:00+00:00,18.07630152399273,19.486772384854017,17.638313002830465,19.093324661254883,1038979700
2009-10-01 04:00:00+00:00,18.863193908174868,21.78806579005371,18.13568814248675,20.585453033447266,1523430100
2009-11-01 04:00:00+00:00,20.563175008028185,22.374514986310587,20.34789199668417,21.832597732543945,1018256700
2009-12-01 05:00:00+00:00,22.011120604538345,23.487475890624815,21.809799041294475,22.7269287109375,920605500
2010-01-01 05:00:00+00:00,22.831322384507175,23.293614843812858,20.62424416600688,21.011974334716797,1359650900
2010-02-01 05:00:00+00:00,21.16855459825387,21.645761455939663,20.557134778471585,21.37733268737793,1074643300
2010-03-01 05:00:00+00:00,21.552210149179587,22.90062729232298,21.15517552992184,21.941753387451172,1110237200
2010-04-01 04:00:00+00:00,21.986702247125884,23.65724178065627,21.439844244840412,22.878156661987305,1319029500
2010-05-01 04:00:00+00:00,22.975535249584905,23.267691907618634,18.398406653272207,19.327316284179688,1720130200
2010-06-01 04:00:00+00:00,19.211359551080935,20.264861130382897,17.26990616906025,17.31505584716797,1671811600
2010-07-01 04:00:00+00:00,17.375255090981465,19.873559171463945,17.104354164327884,19.42205810546875,1408590600
2010-08-01 04:00:00+00:00,19.557511056296136,19.850986140642775,17.548332277062013,17.66120719909668,1279372100
2010-09-01 04:00:00+00:00,17.906724612818167,19.313844114376447,17.808378218046652,18.52706718444824,1273139500
2010-10-01 04:00:00+00:00,18.73888852082248,20.577221342087377,17.989938379369878,20.176267623901367,1281432800
2010-11-01 04:00:00+00:00,20.335135250104248,21.840602308995432,18.8599309456389,19.109580993652344,1361176300
2010-12-01 05:00:00+00:00,19.46295634535785,21.617049643356836,19.45534453384069,21.24407958984375,1033710000
2011-01-01 05:00:00+00:00,21.35064116678649,22.42388186575752,20.871108675422548,21.10706901550293,1361258700
2011-02-01 05:00:00+00:00,21.160350621148208,21.57137972265504,20.117557148311217,20.23173141479492,1114368500
2011-03-01 05:00:00+00:00,20.366626663279774,20.50444617313758,18.896554325439197,19.440174102783203,1310885200
2011-04-01 04:00:00+00:00,19.54736978938971,20.573357952177957,18.92718193401236,19.845977783203125,1313844800
2011-05-01 04:00:00+00:00,19.861291814331096,20.09864685398442,18.398876102929187,19.14922523498535,1364062800
2011-06-01 04:00:00+00:00,19.259323873921502,20.03771209716797,18.226610902086225,20.03771209716797,1297757600
2011-07-01 04:00:00+00:00,19.983769450599866,21.69468167337029,19.914408005221237,21.116670608520508,1259328200
2011-08-01 04:00:00+00:00,21.20144388082161,21.34016675748333,18.33450981965872,20.500123977661133,1719339500
2011-09-01 04:00:00+00:00,20.520937848050973,21.327506059989293,19.078423898601255,19.30333137512207,1279920200
2011-10-01 04:00:00+00:00,19.1714919631716,21.327509855649588,18.81474159925595,20.65278434753418,1218142500
2011-11-01 04:00:00+00:00,20.31154431970392,21.09484573220932,18.845761794868427,19.83846092224121,1046207400
2011-12-01 05:00:00+00:00,19.972213244543056,20.464486951099783,19.65965933820721,20.284767150878903,1007166600
2012-01-01 05:00:00+00:00,20.74578764811084,23.40249995267006,20.62076606794038,23.074317932128903,1354858100
2012-02-01 05:00:00+00:00,23.27747700106896,25.00433840691679,23.21496472429195,24.801177978515625,984332300
2012-03-01 05:00:00+00:00,25.113888507588342,25.91614900020142,24.767815089173403,25.373441696166992,942366500
2012-04-01 04:00:00+00:00,25.34198747620108,25.868960926331795,23.776792078848946,25.184680938720703,940739700
2012-05-01 04:00:00+00:00,25.208281366947354,25.43637574602092,22.52621466925417,22.95880699157715,1014372600
2012-06-01 04:00:00+00:00,22.76903243154459,24.65325627185332,22.420687982652897,24.21782684326172,973131400
2012-07-01 04:00:00+00:00,24.24157080652987,24.581996551857255,22.594854149243215,23.331125259399418,846604100
2012-08-01 04:00:00+00:00,23.42612333626793,24.510738536787994,22.935274534187037,24.39990234375,671748400
2012-09-01 04:00:00+00:00,24.266686610939548,25.191131670400686,23.700861614870803,23.716800689697266,893107700
2012-10-01 04:00:00+00:00,23.756648154438327,24.10730021960573,22.122930896329855,22.74454116821289,1105402300
2012-11-01 04:00:00+00:00,22.98362043399087,24.06745322362112,20.99128164130812,21.21442413330078,1310516100
2012-12-01 05:00:00+00:00,21.517302832272193,22.280611739738102,21.09949076969817,21.461057662963867,947310900
2013-01-01 05:00:00+00:00,21.894938046260812,22.68235196415543,21.115559151919083,22.055635452270508,1145054400
2013-02-01 05:00:00+00:00,22.23239889051819,22.65824589612939,21.774413326807885,22.336851119995117,780587000
2013-03-01 05:00:00+00:00,22.456986395618948,23.218515245839253,22.294959999861476,23.178009033203125,844946000
2013-04-01 04:00:00+00:00,23.202307657943745,26.823618613405017,22.77293632422698,26.815515518188477,1465757200
2013-05-01 04:00:00+00:00,26.67779384337412,28.581613285944627,26.18361010889254,28.27376365661621,1071860000
2013-06-01 04:00:00+00:00,28.4883300787,29.189933244228424,26.571161243486824,28.178321838378903,945155500
2013-07-01 04:00:00+00:00,28.349644079401777,29.720217049330397,25.306646685481443,25.975616455078125,1111130600
2013-08-01 04:00:00+00:00,26.155097862899954,28.716763109555885,25.15979998537301,27.248292922973633,1051265000
2013-09-01 04:00:00+00:00,26.084714451330058,27.727846070311475,25.427462430542455,27.34170913696289,1242961500
2013-10-01 04:00:00+00:00,27.399215847373224,29.814621099832294,26.947355322587708,29.091642379760746,965331500
2013-11-01 04:00:00+00:00,29.30525110355331,31.457755794384248,29.075213678344607,31.326305389404297,800431600
2013-12-01 05:00:00+00:00,31.53077653753306,32.267515097814716,29.411615841453813,30.96787452697754,826617700
2014-01-01 05:00:00+00:00,30.918202199466368,31.365213127880185,28.66659756180668,31.323823928833008,930226200
2014-02-01 05:00:00+00:00,31.241044910732107,31.83705631232867,29.54405936333492,31.712888717651367,705304500
2014-03-01 05:00:00+00:00,31.62543014184027,34.61116598790372,31.26681134892056,34.18582534790039,778425700
2014-04-01 04:00:00+00:00,34.31927840542545,34.74461920090489,32.44276872015496,33.69377517700195,746112500
2014-05-01 04:00:00+00:00,33.56032281465911,34.16914536113317,32.11749307540977,34.14412307739258,574362900
2014-06-01 04:00:00+00:00,34.39340718824932,35.51885700562714,33.477929327815744,35.02332305908203,555767300
2014-07-01 04:00:00+00:00,35.157689191434145,38.39125459437331,34.477379203102274,36.249542236328125,731616500
2014-08-01 04:00:00+00:00,36.29153123127312,38.18967841589607,35.45164389037488,38.15608215332031,513919700
2014-09-01 04:00:00+00:00,38.39441125665069,40.20299624681594,37.63378989446525,39.18038558959961,860827300
2014-10-01 04:00:00+00:00,39.104321350050306,39.695915352826496,35.580113526720886,39.679012298583984,853260900
2014-11-01 04:00:00+00:00,39.62830595252072,42.298927458026874,39.49308473289742,40.40583038330078,523005900
2014-12-01 05:00:00+00:00,40.720218851201714,41.72376667073676,38.18583641951141,39.50405502319336,626771200
2015-01-01 05:00:00+00:00,39.68263536515533,40.74571497014155,34.31620835125073,34.358734130859375,918966800
2015-02-01 05:00:00+00:00,34.52032828770052,37.675548437038195,34.21416077830434,37.29283905029297,656509700
2015-03-01 05:00:00+00:00,37.40406309951601,37.84945194195935,34.72316958733327,34.825950622558594,824335300
2015-04-01 04:00:00+00:00,34.77455830099939,42.4318156358222,34.363430894760945,41.66094970703125,874535300
2015-05-01 04:00:00+00:00,41.60955759976641,41.89220624019226,39.416875002349535,40.136348724365234,633072800
2015-06-01 04:00:00+00:00,40.56959947511308,41.18167719810908,37.87989998305304,38.06093978881836,664853400
2015-07-01 04:00:00+00:00,38.328191790050994,40.862716750866646,37.34541814752417,40.25925827026367,725458100
2015-08-01 04:00:00+00:00,40.50063448423711,41.73341269276399,34.24191713128682,37.51782989501953,776480300
2015-09-01 04:00:00+00:00,36.593738096154134,39.049520650432626,36.1511783186342,38.407371520996094,673079900
2015-10-01 04:00:00+00:00,38.83259448332737,47.18051666102398,37.964827008839606,45.67927932739258,856716800
2015-11-01 04:00:00+00:00,45.86151469277779,47.709860541431546,45.58382933554828,47.16316604614258,662626600
2015-12-01 05:00:00+00:00,47.533484487477736,49.665108034571986,46.89574469673949,48.46825408935547,792820900
2016-01-01 05:00:00+00:00,47.45487042457363,48.38964025442425,42.89458907449501,48.12755584716797,927914700
2016-02-01 05:00:00+00:00,47.94407791623151,48.12753659466335,42.09958097621758,44.44961166381836,814770900
2016-03-01 05:00:00+00:00,44.847952703887515,48.95703357483381,44.50479645977124,48.59627914428711,641110900
2016-04-01 04:00:00+00:00,48.43789145866445,49.9513016964815,43.42252320987266,43.88006591796875,699025700
2016-05-01 04:00:00+00:00,43.99445011930646,46.63411712646485,43.51930925245551,46.63411712646485,530704800
2016-06-01 04:00:00+00:00,46.464116041202715,46.916000081241656,42.56552699491615,45.33884048461914,823627000
2016-07-01 04:00:00+00:00,45.303402936877,50.761430500902215,44.64772929100938,50.220943450927734,647587800
2016-08-01 04:00:00+00:00,50.15006181689639,52.01075523454759,49.74248260940636,50.91205978393555,467078900
2016-09-01 04:00:00+00:00,50.82815174430102,51.88019939095289,49.57996198459816,51.35417556762695,526427800
2016-10-01 04:00:00+00:00,51.18479029815853,54.71538990203172,50.21298348081908,53.4226188659668,614841800
2016-11-01 04:00:00+00:00,53.46719469347101,54.751048042902,51.06888084766559,53.72574615478515,613056800
2016-12-01 05:00:00+00:00,53.954053540951655,57.535430286654616,52.778211193329184,55.77615737915039,513579700
2017-01-01 05:00:00+00:00,56.359609269802064,59.16008917351534,55.60563443788387,58.02912521362305,493453500
2017-02-01 05:00:00+00:00,57.768815260341576,58.55869093281219,56.32369675589151,57.427730560302734,440744000
2017-03-01 05:00:00+00:00,57.91134501318489,59.77159257719335,57.45080096173664,59.47359085083008,489169700
2017-04-01 04:00:00+00:00,59.42842143770013,62.435513969925715,58.56151318229332,61.82145309448242,433191200
2017-05-01 04:00:00+00:00,62.02012673957693,63.88036711668094,60.62945912839941,63.0676383972168,517218500
2017-06-01 04:00:00+00:00,63.79243639021363,66.19918552055204,61.8397906078988,62.60268783569336,629716800
2017-07-01 04:00:00+00:00,62.96598888882996,67.58875889303106,61.77623308423351,66.02664184570312,469851200
2017-08-01 04:00:00+00:00,66.3898976708744,68.07916241460377,64.73696202077068,67.90660095214844,444070500
2017-09-01 04:00:00+00:00,68.21361216541469,69.36405117092502,66.57926027512137,68.01274108886719,375983900
2017-10-01 04:00:00+00:00,68.21360404748168,78.7044911360947,67.30055887436698,75.94709777832031,449950000
2017-11-01 04:00:00+00:00,76.40364573884587,77.66364598844201,75.08885802380004,76.85103607177734,421926000
2017-12-01 05:00:00+00:00,76.71393460654362,80.29269617930022,74.05280384726474,78.494140625,466203300
2018-01-01 05:00:00+00:00,79.03552504131105,87.58784238433824,78.45742025452031,87.18408966064453,574258400
2018-02-01 05:00:00+00:00,86.98222143580443,88.1567876999991,76.92498904742862,86.04623413085938,725663300
2018-03-01 05:00:00+00:00,86.65326570943019,89.64957510358335,80.28265462438878,84.14558410644531,750754800
2018-04-01 04:00:00+00:00,83.40801629169393,90.25803926217638,80.67907135381549,86.21993255615234,668130700
2018-05-01 04:00:00+00:00,85.93412352310092,92.18488265097682,85.23344636298786,91.12464904785156,509417900
2018-06-01 04:00:00+00:00,91.92707043715473,95.08452058514014,90.05667986530567,91.30669403076172,602585200
2018-07-01 04:00:00+00:00,90.83444433191048,102.91792847231916,90.74185201822942,98.22342681884766,569352300
2018-08-01 04:00:00+00:00,98.1771429163122,104.42722046337056,97.07527513261178,104.01055145263672,456628100
2018-09-01 04:00:00+00:00,103.03513793304606,107.1621227798718,99.67035037011756,106.3069839477539,480255500
2018-10-01 04:00:00+00:00,106.66018975271076,107.9893758433119,93.052302058772,99.27995300292967,927548000
2018-11-01 04:00:00+00:00,99.50304756293032,104.32715112116452,92.34588829266924,103.07232666015624,720228600
2018-12-01 05:00:00+00:00,105.48730258274948,105.8793775732958,87.71315800087284,94.81721496582033,944314600
2019-01-01 05:00:00+00:00,92.93152757930288,100.72638533617784,90.73775911797146,97.4870834350586,714212800
2019-02-01 05:00:00+00:00,96.88029492427754,105.71135593860794,95.5453666824507,104.58180236816406,469095900
2019-03-01 05:00:00+00:00,105.83470670137385,113.26910532815816,102.00032309635418,110.56909942626952,589095800
2019-04-01 04:00:00+00:00,111.51595047091084,123.1597330366184,110.71907455521256,122.4378662109375,433157700
2019-05-01 04:00:00+00:00,122.37224877439238,122.48474454141532,115.35035426373182,115.95035552978516,547218800
2019-06-01 04:00:00+00:00,116.53951188618424,130.2306655830714,111.98520572794432,126.0527572631836,508324300
2019-07-01 04:00:00+00:00,128.56516080654137,133.3170635326736,126.72084719060932,128.22640991210938,484079900
2019-08-01 04:00:00+00:00,128.91335750581115,132.62079504816717,123.06050173171565,129.72259521484375,584482000
2019-09-01 04:00:00+00:00,128.97440376145295,134.41245261489914,126.99177413048712,131.25914001464844,472544800
2019-10-01 04:00:00+00:00,131.85395460162394,137.52803108795692,125.77390471419932,135.35658264160156,549523400
2019-11-01 04:00:00+00:00,136.19683442825422,143.97627922635584,134.97894306061892,142.91888427734375,392371800
2019-12-01 05:00:00+00:00,143.8125326423667,151.1447888213982,138.9243618563457,149.39224243164062,450303300
2020-01-01 05:00:00+00:00,150.4153011729926,164.8808655338268,148.26488311699555,161.26210021972656,558530000
2020-02-01 05:00:00+00:00,161.45158359712838,180.6537453641307,143.99249992017886,153.47515869140625,887522300
2020-03-01 05:00:00+00:00,157.02906576860326,166.23366351309343,125.88163313703986,149.80978393554688,1612695500
2020-04-01 04:00:00+00:00,145.33573983582562,171.3631802570195,142.8279864733375,170.23280334472656,984705000
2020-05-01 04:00:00+00:00,166.99355806933656,178.11695456591855,165.09374515499695,174.0703582763672,688845000
2020-06-01 04:00:00+00:00,173.87887587493125,194.70166798928813,172.74535094215275,193.85389709472656,764965400
2020-07-01 04:00:00+00:00,193.50146205928465,206.11325898897763,188.1385882801256,195.28273010253903,770190800
2020-08-01 04:00:00+00:00,201.4838215369247,220.18240912339135,193.50143039574323,214.82907104492188,692423900
2020-09-01 04:00:00+00:00,215.32928236243063,222.34747037263668,187.3902385392769,200.8345947265625,768176300
2020-10-01 04:00:00+00:00,203.85195648985024,215.0428559110424,190.608110506775,193.32945251464844,631618000
2020-11-01 04:00:00+00:00,195.06728349452405,217.8214754550801,191.0855406694901,204.40577697753903,573443000
2020-12-01 05:00:00+00:00,205.36213584517253,217.4918172202104,200.19242670093223,212.934814453125,594761700
2021-01-01 05:00:00+00:00,213.04010185514812,232.29250198923276,202.90172091394552,222.0679626464844,648076400
2021-02-01 05:00:00+00:00,225.03578095638997,235.63370390913548,218.16198160372545,222.47007751464844,490962200
2021-03-01 05:00:00+00:00,226.36008434341997,231.3018246440519,215.19081214431017,226.2353515625,724945800
2021-04-01 04:00:00+00:00,228.82619561543908,252.54651182287412,228.42318231115237,241.98175048828125,568661600
2021-05-01 04:00:00+00:00,243.15238745340227,244.06398075179789,228.44235223454703,239.58282470703125,495084900
2021-06-01 04:00:00+00:00,241.62671865436556,261.2661615409602,233.71131485703657,260.5448303222656,508572200
2021-07-01 04:00:00+00:00,259.3042292140638,279.05910245010574,259.2946314196069,274.0194091796875,522672700
2021-08-01 04:00:00+00:00,275.41398644768395,294.14938160145397,272.89413962337227,290.34075927734375,441308900
2021-09-01 04:00:00+00:00,291.8504963148186,294.21136827350426,271.37364767786374,271.6627502441406,502918700
2021-10-01 04:00:00+00:00,271.8554349184053,319.9206222707464,270.05347708245984,319.554443359375,516515800
2021-11-01 04:00:00+00:00,319.3039553335281,336.94780083523136,314.49551831835515,318.5619812011719,509885200
2021-12-01 05:00:00+00:00,323.52758781273417,332.3800999960114,306.2666002391536,324.6763916015625,625674800
2022-01-01 05:00:00+00:00,323.74004019774196,326.29829013052057,266.49301481478335,300.2137451171875,947531400
2022-02-01 05:00:00+00:00,299.663444460337,304.21037350951747,262.1198227755495,288.44573974609375,697050600
2022-03-01 05:00:00+00:00,286.73010993986446,305.64231984182277,261.1914010727031,298.2515563964844,734334200
2022-04-01 04:00:00+00:00,299.2769830532897,304.8297095206654,261.1914106078059,268.466064453125,627343400
2022-05-01 04:00:00+00:00,268.6498978002783,281.3902487788331,238.40007024195785,263.00042724609375,742902000
2022-06-01 04:00:00+00:00,266.8418771123984,269.2562435319475,234.1750632886149,249.02976989746097,621372300
2022-07-01 04:00:00+00:00,248.60309808025303,273.4352730341739,238.4704670836572,272.2135314941406,534891800
2022-08-01 04:00:00+00:00,269.38230805969255,285.24542265778393,252.74347258728116,253.52886962890625,477157600
2022-09-01 04:00:00+00:00,251.540588178318,259.8776785559893,226.14069268839657,226.30587768554688,575586600
2022-10-01 04:00:00+00:00,228.74482544938567,243.93228219593348,212.92576329758523,225.5576934814453,671225100
2022-11-01 04:00:00+00:00,227.9577420034127,248.1008063463227,207.38711824546243,247.9161834716797,615296000
2022-12-01 05:00:00+00:00,247.37735536410864,257.17034783600883,227.88884863845811,233.6866912841797,591358700
2023-01-01 05:00:00+00:00,236.86329325425427,243.44066373896175,213.74018606898764,241.47232055664065,666168100
2023-02-01 05:00:00+00:00,241.65747083275292,269.6819515629393,239.1921760496286,243.04115295410156,615501000
2023-03-01 05:00:00+00:00,244.95891868335505,282.57802388172956,239.9280646247173,281.6304626464844,747635000
2023-04-01 04:00:00+00:00,279.89163443996205,301.78320498757233,268.9995845469485,300.15185546875,551520000
2023-05-01 04:00:00+00:00,299.86851909058197,328.16832470532916,296.3811007591525,320.7929992675781,600856900
2023-06-01 04:00:00+00:00,319.0859043130125,344.089607273314,315.7279368373793,333.3891296386719,547702200
2023-07-01 04:00:00+00:00,332.0675044076417,359.0781508435489,320.1334743351012,328.8661804199219,666746800
2023-08-01 04:00:00+00:00,328.1514755373537,331.4311361415507,305.0078685320538,320.87750244140625,479476200
2023-09-01 04:00:00+00:00,325.0396496270881,334.40889507408235,303.5933847033484,309.7741394042969,416742300
2023-10-01 04:00:00+00:00,310.2941038505315,339.64785302716905,305.32005115906844,331.7109375,540950200
2023-11-01 04:00:00+00:00,333.3591850948049,377.026774010251,333.22182034619345,371.7388000488281,563894000
2023-12-01 05:00:00+00:00,370.3797137751681,371.75599927582255,356.7544123167542,369.6719055175781,522081700
2024-01-01 05:00:00+00:00,367.52882443099423,408.28673844568766,360.29347732224863,390.8471374511719,528491200
2024-02-01 05:00:00+00:00,395.0251627132309,413.6935953542549,390.4932455481114,406.63519287109375,444091200
2024-03-01 05:00:00+00:00,405.0529481190555,424.3074348650001,392.3676763323932,414.360107421875,426445300
2024-04-01 04:00:00+00:00,417.54132968774655,422.8793808872506,382.1643047150623,383.4446411132813,441083800
2024-05-01 04:00:00+00:00,386.6750228280704,427.0454102388538,384.40980323220583,408.8546142578125,413780000
2024-06-01 04:00:00+00:00,409.986717311745,450.084583280897,403.4649109350044,440.9875793457031,341717100
2024-07-01 04:00:00+00:00,442.6747907353708,462.10212466124665,406.7110288792971,412.7691345214844,440449200
2024-08-01 04:00:00+00:00,415.17655835863457,421.7575619298112,380.4362474066488,411.57525634765625,451919000
2024-09-01 04:00:00+00:00,413.0781877543154,436.7413992990804,396.16599545037946,425.3249206542969,376898100
2024-10-01 04:00:00+00:00,423.4963450073733,433.4301365266378,401.6024154615227,401.65185546875,440745500
2024-11-01 04:00:00+00:00,404.2811121872698,424.3661532054973,400.8808824135888,418.56402587890625,442306200
2024-12-01 05:00:00+00:00,417.5299382234834,451.78844519312827,416.6286554798762,417.4606018066406,439902400
2025-01-01 05:00:00+00:00,421.45200006357817,444.0830267865293,406.78393174897894,411.0823364257813,462501200
2025-02-01 05:00:00+00:00,407.6554884317088,415.2915921387474,382.8653615451383,393.18548583984375,432448900
2025-03-01 05:00:00+00:00,395.79001044885985,399.0946977665152,364.44991951956155,372.53802490234375,491786600
2025-04-01 04:00:00+00:00,371.8036168416161,393.6464071015826,342.17049063471666,392.2570495605469,563144100
2025-05-01 04:00:00+00:00,427.83465195574985,459.0060199159438,421.67184055469886,456.8624267578125,476942400
2025-06-01 04:00:00+00:00,454.49976410017456,497.86782827206525,454.2512079961712,494.53717041015625,401255100
2025-07-01 04:00:00+00:00,493.60263077864784,552.2420017670738,485.87751746094574,530.4187622070312,396881900
2025-08-01 04:00:00+00:00,531.9100715897364,535.14130099659,495.6308317432407,503.7635803222656,454888500
2025-09-01 04:00:00+00:00,498.3974907281952,517.1494999099087,490.3310277893008,515.8051147460938,424025500
2025-10-01 04:00:00+00:00,512.6681046624125,551.4269126367195,503.9045592664325,515.6656494140625,468447000
2025-11-01 04:00:00+00:00,517.6573987123703,522.7860962249423,462.96484638723985,489.9725341796875,479480700
2025-12-01 05:00:00+00:00,487.32770777292063,492.3761825072599,469.8076985272525,482.5186767578125,496558500
2026-01-01 05:00:00+00:00,483.286925111249,488.5848303422302,420.06121048648595,429.31011962890625,684062600
2026-02-01 05:00:00+00:00,429.2602135973635,429.7590749576981,380.8407311812067,391.8456115722656,800257300
2026-03-01 05:00:00+00:00,392.8599853515625,413.0499877929687,356.2799987792969,370.1700134277344,745288400
2026-04-01 04:00:00+00:00,373.489990234375,433.7000122070313,364.1499938964844,424.8200073242187,607603067
2026-04-17 13:30:00+00:00,337.7300109863281,338.75,336.75,337.8299865722656,3243073
2026-04-17 13:45:00+00:00,337.7799987792969,337.93499755859375,336.239990234375,336.95001220703125,1065016
2026-04-17 14:00:00+00:00,337.0,337.9800109863281,336.9200134277344,337.7300109863281,687780
2026-04-17 14:15:00+00:00,337.69000244140625,337.75,337.1000061035156,337.1600036621094,498192
2026-04-17 14:30:00+00:00,337.20001220703125,337.8299865722656,337.19000244140625,337.3599853515625,524138
2026-04-17 14:45:00+00:00,337.4200134277344,337.7900085449219,337.05999755859375,337.25,530508
2026-04-17 15:00:00+00:00,337.25,337.3399963378906,336.54998779296875,336.94000244140625,690820
2026-04-17 15:15:00+00:00,337.0,338.2200012207031,336.989990234375,338.2200012207031,439520
2026-04-17 15:30:00+00:00,338.2200012207031,339.2699890136719,338.114990234375,338.1400146484375,896938
2026-04-17 15:45:00+00:00,338.1300048828125,338.510009765625,337.7799987792969,337.80010986328125,514302
2026-04-17 16:00:00+00:00,337.7650146484375,338.7699890136719,337.6944885253906,338.67999267578125,340410
2026-04-17 16:15:00+00:00,338.6700134277344,339.0400085449219,338.4700012207031,338.7799987792969,505674
2026-04-17 16:30:00+00:00,338.7900085449219,339.4549865722656,338.7900085449219,339.3800048828125,442844
2026-04-17 16:45:00+00:00,339.3599853515625,339.5799865722656,338.8900146484375,338.95001220703125,518019
2026-04-17 17:00:00+00:00,338.9800109863281,339.739990234375,338.9599914550781,339.6400146484375,502482
2026-04-17 17:15:00+00:00,339.67498779296875,339.8599853515625,338.9024963378906,339.55999755859375,618524
2026-04-17 17:30:00+00:00,339.55999755859375,339.8299865722656,339.1499938964844,339.67999267578125,417445
2026-04-17 17:45:00+00:00,339.6600036621094,340.5997009277344,339.6499938964844,340.443603515625,584592
2026-04-17 18:00:00+00:00,340.45001220703125,340.864990234375,340.2001037597656,340.30999755859375,853338
2026-04-17 18:15:00+00:00,340.3800048828125,341.6705017089844,340.3800048828125,341.3999938964844,699382
2026-04-17 18:30:00+00:00,341.3699951171875,342.0,341.1400146484375,341.3399963378906,574319
2026-04-17 18:45:00+00:00,341.3299865722656,342.1400146484375,341.32000732421875,341.6099853515625,621202
2026-04-17 19:00:00+00:00,341.6099853515625,341.989990234375,341.07501220703125,341.1499938964844,546756
2026-04-17 19:15:00+00:00,341.1300048828125,341.260009765625,340.7300109863281,341.05999755859375,915059
2026-04-17 19:30:00+00:00,341.05999755859375,342.260009765625,341.05999755859375,342.2550048828125,803495
2026-04-17 19:45:00+00:00,342.239990234375,342.32000732421875,340.9700012207031,341.6099853515625,1981161
2026-04-20 13:30:00+00:00,340.8900146484375,341.3500061035156,337.42999267578125,339.0299987792969,2498730
2026-04-20 13:45:00+00:00,339.0400085449219,340.1099853515625,338.30999755859375,340.04998779296875,803705
2026-04-20 14:00:00+00:00,340.0899963378906,340.2127990722656,338.7301025390625,339.510009765625,691097
2026-04-20 14:15:00+00:00,339.4800109863281,340.07501220703125,338.70001220703125,339.70001220703125,518413
2026-04-20 14:30:00+00:00,339.6499938964844,339.7799072265625,338.4100036621094,339.0,626076
2026-04-20 14:45:00+00:00,338.9700012207031,339.55499267578125,338.1499938964844,338.32000732421875,577313
2026-04-20 15:00:00+00:00,338.4200134277344,338.489990234375,336.6300048828125,337.19000244140625,685250
2026-04-20 15:15:00+00:00,337.2300109863281,339.19989013671875,336.8399963378906,339.07000732421875,583529
2026-04-20 15:30:00+00:00,339.05999755859375,339.07000732421875,338.114990234375,338.44000244140625,453968
2026-04-20 15:45:00+00:00,338.42999267578125,338.739990234375,337.95001220703125,338.260009765625,311079
2026-04-20 16:00:00+00:00,338.260009765625,339.260009765625,338.20001220703125,338.8999938964844,365886
2026-04-20 16:15:00+00:00,338.8800048828125,339.05499267578125,338.6000061035156,338.69989013671875,272373
2026-04-20 16:30:00+00:00,338.7099914550781,339.3016052246094,338.7099914550781,339.2099914550781,223965
2026-04-20 16:45:00+00:00,339.1600036621094,339.30999755859375,338.75,338.864990234375,749619
2026-04-20 17:00:00+00:00,338.8399963378906,338.875,338.29998779296875,338.4649963378906,206935
2026-04-20 17:15:00+00:00,338.45001220703125,338.7496032714844,338.1700134277344,338.2699890136719,233032
2026-04-20 17:30:00+00:00,338.2699890136719,338.739990234375,338.1050109863281,338.69000244140625,237087
2026-04-20 17:45:00+00:00,338.739990234375,338.8450012207031,338.2200012207031,338.2200012207031,253417
2026-04-20 18:00:00+00:00,338.260009765625,338.6300048828125,338.0834045410156,338.489990234375,335083
2026-04-20 18:15:00+00:00,338.510009765625,338.5899963378906,338.0,338.364990234375,270319
2026-04-20 18:30:00+00:00,338.3800048828125,338.59991455078125,338.2099914550781,338.55999755859375,284021
2026-04-20 18:45:00+00:00,338.55999755859375,338.760009765625,338.2799987792969,338.3299865722656,301988
2026-04-20 19:00:00+00:00,338.3500061035156,338.6499938964844,338.1200866699219,338.6310119628906,493300
2026-04-20 19:15:00+00:00,338.6400146484375,338.6679992675781,338.3099060058594,338.3598937988281,246680
2026-04-20 19:30:00+00:00,338.32000732421875,338.4800109863281,337.510009765625,337.55499267578125,446181
2026-04-20 19:45:00+00:00,337.54998779296875,337.7699890136719,336.9049987792969,337.3900146484375,1799222
2026-04-21 13:30:00+00:00,337.68499755859375,338.9800109863281,335.739990234375,338.7190856933594,2213483
2026-04-21 13:45:00+00:00,338.7200012207031,339.1400146484375,337.9100036621094,338.9599914550781,761761
2026-04-21 14:00:00+00:00,339.0,339.3399963378906,338.0400085449219,338.4150085449219,540983
2026-04-21 14:15:00+00:00,338.5,339.0,337.9599914550781,338.4949951171875,397983
2026-04-21 14:30:00+00:00,338.4800109863281,338.57000732421875,337.06500244140625,337.0799865722656,484677
2026-04-21 14:45:00+00:00,337.0899963378906,337.6000061035156,336.79998779296875,337.1400146484375,538824
2026-04-21 15:00:00+00:00,337.2099914550781,337.7049865722656,336.3349914550781,337.5899963378906,542741
2026-04-21 15:15:00+00:00,337.6000061035156,337.739990234375,336.8999938964844,337.1400146484375,388429
2026-04-21 15:30:00+00:00,337.1300048828125,337.30999755859375,336.6700134277344,336.92999267578125,389947
2026-04-21 15:45:00+00:00,336.95001220703125,337.2099914550781,336.3299865722656,336.3800048828125,508479
2026-04-21 16:00:00+00:00,336.3699951171875,337.0799865722656,335.67999267578125,335.7900085449219,527225
2026-04-21 16:15:00+00:00,335.7799987792969,336.2749938964844,334.739990234375,334.8575134277344,539228
2026-04-21 16:30:00+00:00,334.8699951171875,335.3999938964844,334.0797119140625,334.2200012207031,412695
2026-04-21 16:45:00+00:00,334.239990234375,334.7799987792969,333.7900085449219,333.8949890136719,667736
2026-04-21 17:00:00+00:00,333.8999938964844,334.4750061035156,332.95001220703125,333.0069885253906,760831
2026-04-21 17:15:00+00:00,332.9800109863281,333.4200134277344,332.510009765625,332.8399963378906,442050
2026-04-21 17:30:00+00:00,332.8299865722656,334.32000732421875,332.7650146484375,333.8999938964844,755996
2026-04-21 17:45:00+00:00,333.875,333.875,332.7820129394531,333.07000732421875,435503
2026-04-21 18:00:00+00:00,333.0899963378906,333.5799865722656,333.0199890136719,333.20001220703125,385654
2026-04-21 18:15:00+00:00,333.19000244140625,333.3500061035156,332.4700012207031,332.7900085449219,433829
2026-04-21 18:30:00+00:00,332.7950134277344,333.4700012207031,332.7300109863281,333.0249938964844,376673
2026-04-21 18:45:00+00:00,332.9800109863281,333.6600036621094,332.6099853515625,333.5299987792969,978735
2026-04-21 19:00:00+00:00,333.54998779296875,333.9200134277344,333.42999267578125,333.5299987792969,444614
2026-04-21 19:15:00+00:00,333.56500244140625,334.409912109375,333.42999267578125,334.32501220703125,680189
2026-04-21 19:30:00+00:00,334.3500061035156,334.5133972167969,331.92999267578125,332.20001220703125,863795
2026-04-21 19:45:00+00:00,332.2349853515625,332.8999938964844,331.4200134277344,332.2799987792969,2698804
2026-04-22 13:30:00+00:00,337.0199890136719,337.0199890136719,335.1700134277344,336.260009765625,2686201
2026-04-22 13:45:00+00:00,336.239990234375,337.760009765625,335.375,337.4100036621094,1020233
2026-04-22 14:00:00+00:00,337.3900146484375,338.4800109863281,337.125,337.364990234375,757580
2026-04-22 14:15:00+00:00,337.4100036621094,338.29998779296875,337.3699951171875,338.29998779296875,625290
2026-04-22 14:30:00+00:00,338.25,338.9800109863281,337.739990234375,337.9200134277344,577135
2026-04-22 14:45:00+00:00,337.8999938964844,338.3500061035156,337.5299987792969,338.1000061035156,362153
2026-04-22 15:00:00+00:00,338.12799072265625,338.17498779296875,337.6099853515625,337.739990234375,356475
2026-04-22 15:15:00+00:00,337.7950134277344,337.82000732421875,337.3999938964844,337.42999267578125,299408
2026-04-22 15:30:00+00:00,337.42498779296875,337.6099853515625,336.92999267578125,336.94000244140625,363960
2026-04-22 15:45:00+00:00,336.9599914550781,337.5,336.840087890625,337.25,252113
2026-04-22 16:00:00+00:00,337.2900085449219,338.2900085449219,336.9700012207031,338.1199951171875,433691
2026-04-22 16:15:00+00:00,338.1499938964844,338.3800048828125,336.7300109863281,336.82000732421875,443096
2026-04-22 16:30:00+00:00,336.80499267578125,336.8900146484375,336.260009765625,336.5299987792969,655803
2026-04-22 16:45:00+00:00,336.4949951171875,336.82000732421875,336.375,336.510009765625,803999
2026-04-22 17:00:00+00:00,336.5450134277344,337.260009765625,336.5299987792969,336.80999755859375,373471
2026-04-22 17:15:00+00:00,336.82000732421875,337.2900085449219,336.6664123535156,336.80999755859375,343400
2026-04-22 17:30:00+00:00,336.7799987792969,337.75,336.7650146484375,337.4649963378906,343914
2026-04-22 17:45:00+00:00,337.489990234375,337.7300109863281,337.114990234375,337.6600036621094,331678
2026-04-22 18:00:00+00:00,337.6600036621094,338.4501037597656,337.6099853515625,338.385009765625,340613
2026-04-22 18:15:00+00:00,338.3500061035156,338.44000244140625,338.010009765625,338.0799865722656,276301
2026-04-22 18:30:00+00:00,338.0924987792969,338.3900146484375,337.8800048828125,338.19000244140625,311411
2026-04-22 18:45:00+00:00,338.2099914550781,338.2799987792969,337.7950134277344,337.8450012207031,542073
2026-04-22 19:00:00+00:00,337.8399963378906,338.4800109863281,337.7699890136719,338.3727111816406,385447
2026-04-22 19:15:00+00:00,338.3999938964844,339.239990234375,338.32000732421875,339.2049865722656,540577
2026-04-22 19:30:00+00:00,339.2099914550781,339.6400146484375,338.9200134277344,339.2699890136719,710910
2026-04-22 19:45:00+00:00,339.2799987792969,339.82000732421875,339.1622009277344,339.3699951171875,1579935
2026-04-23 13:30:00+00:00,341.3550109863281,341.4599914550781,338.44000244140625,339.9949951171875,1786767
2026-04-23 13:45:00+00:00,340.0249938964844,340.75,339.2044982910156,340.0849914550781,817517
2026-04-23 14:00:00+00:00,340.1050109863281,340.3900146484375,339.1499938964844,339.9200134277344,885574
2026-04-23 14:15:00+00:00,339.94000244140625,340.5,338.95001220703125,339.57000732421875,500928
2026-04-23 14:30:00+00:00,339.6099853515625,340.44000244140625,339.6000061035156,339.8695983886719,361041
2026-04-23 14:45:00+00:00,339.9200134277344,340.75,339.8900146484375,340.4949951171875,419388
2026-04-23 15:00:00+00:00,340.4800109863281,341.3699951171875,340.4800109863281,341.0799865722656,448368
2026-04-23 15:15:00+00:00,341.0249938964844,341.9599914550781,340.897705078125,340.91119384765625,520923
2026-04-23 15:30:00+00:00,340.9200134277344,341.08648681640625,339.7799987792969,339.8949890136719,471475
2026-04-23 15:45:00+00:00,339.885009765625,340.05999755859375,339.2699890136719,339.8900146484375,482316
2026-04-23 16:00:00+00:00,339.79998779296875,340.3399963378906,339.5299987792969,340.2550048828125,338444
2026-04-23 16:15:00+00:00,340.25,340.510009765625,339.739990234375,340.4049987792969,224357
2026-04-23 16:30:00+00:00,340.3999938964844,340.6099853515625,339.9599914550781,339.9700012207031,295702
2026-04-23 16:45:00+00:00,339.9649963378906,340.4700012207031,339.9649963378906,340.1499938964844,239378
2026-04-23 17:00:00+00:00,340.17999267578125,340.465087890625,338.7799987792969,339.1499938964844,586218
2026-04-23 17:15:00+00:00,339.1499938964844,339.1499938964844,337.7200012207031,337.7300109863281,577927
2026-04-23 17:30:00+00:00,337.7301025390625,338.8999938964844,336.92999267578125,337.1600036621094,658796
2026-04-23 17:45:00+00:00,337.1300048828125,339.32550048828125,336.17999267578125,339.0950012207031,1048849
2026-04-23 18:00:00+00:00,339.05999755859375,340.32501220703125,338.8900146484375,339.9949951171875,417424
2026-04-23 18:15:00+00:00,340.0400085449219,340.42999267578125,339.7799987792969,340.3500061035156,322565
2026-04-23 18:30:00+00:00,340.3550109863281,340.6968994140625,339.9649963378906,340.25,252539
2026-04-23 18:45:00+00:00,340.2398986816406,340.2799987792969,339.1700134277344,339.3599853515625,258986
2026-04-23 19:00:00+00:00,339.32501220703125,339.4299011230469,338.8599853515625,339.19000244140625,352622
2026-04-23 19:15:00+00:00,339.2099914550781,339.5115051269531,339.07000732421875,339.364990234375,312426
2026-04-23 19:30:00+00:00,339.3500061035156,339.8999938964844,339.0150146484375,339.260009765625,352182
2026-04-23 19:45:00+00:00,339.25,339.45001220703125,338.44000244140625,339.0,1621334
2026-04-24 13:30:00+00:00,338.7250061035156,338.7300109863281,335.3900146484375,338.125,2596054
2026-04-24 13:45:00+00:00,338.20001220703125,339.55999755859375,337.42999267578125,338.8900146484375,808807
2026-04-24 14:00:00+00:00,338.8699951171875,339.510009765625,338.3999938964844,338.989990234375,656931
2026-04-24 14:15:00+00:00,339.0,339.4200134277344,337.9849853515625,338.19830322265625,640716
2026-04-24 14:30:00+00:00,338.25,338.5799865722656,337.0299987792969,337.2250061035156,592454
2026-04-24 14:45:00+00:00,337.2250061035156,337.9849853515625,337.05499267578125,337.5,679557
2026-04-24 15:00:00+00:00,337.510009765625,337.7001037597656,336.6700134277344,337.4472961425781,892944
2026-04-24 15:15:00+00:00,337.4700012207031,340.4800109863281,337.25,339.989990234375,1211259
2026-04-24 15:30:00+00:00,340.04998779296875,340.989990234375,339.70001220703125,340.8599853515625,703633
2026-04-24 15:45:00+00:00,340.8500061035156,344.3399963378906,340.3999938964844,343.0899963378906,2820870
2026-04-24 16:00:00+00:00,343.0899963378906,345.0899963378906,342.6499938964844,342.71990966796875,1320960
2026-04-24 16:15:00+00:00,342.69500732421875,343.5799865722656,342.20001220703125,343.30999755859375,702812
2026-04-24 16:30:00+00:00,343.375,344.06500244140625,343.0799865722656,343.5,500176
2026-04-24 16:45:00+00:00,343.55999755859375,343.82000732421875,342.9599914550781,343.6050109863281,336738
2026-04-24 17:00:00+00:00,343.60198974609375,344.1700134277344,343.4100036621094,343.5150146484375,434528
2026-04-24 17:15:00+00:00,343.510009765625,343.5299987792969,342.75,342.7900085449219,556791
2026-04-24 17:30:00+00:00,342.7749938964844,343.0799865722656,342.2699890136719,342.42010498046875,483662
2026-04-24 17:45:00+00:00,342.44000244140625,343.3999938964844,342.3810119628906,343.19000244140625,411467
2026-04-24 18:00:00+00:00,343.19000244140625,344.0450134277344,343.0101013183594,343.7200012207031,495158
2026-04-24 18:15:00+00:00,343.7300109863281,343.8399963378906,343.19000244140625,343.30999755859375,446819
2026-04-24 18:30:00+00:00,343.3399963378906,344.0752868652344,343.2900085449219,344.0588073730469,598386
2026-04-24 18:45:00+00:00,344.06988525390625,344.06988525390625,343.597900390625,343.8699951171875,486480
2026-04-24 19:00:00+00:00,343.8999938964844,344.5,343.8100891113281,344.25,443767
2026-04-24 19:15:00+00:00,344.260009765625,344.5899963378906,344.17999267578125,344.42999267578125,641589
2026-04-24 19:30:00+00:00,344.4200134277344,344.9800109863281,344.25,344.7250061035156,811301
2026-04-24 19:45:00+00:00,344.7099914550781,345.2699890136719,344.25,344.2900085449219,2345818
2026-04-27 13:30:00+00:00,345.75,347.5199890136719,342.7300109863281,345.92999267578125,3244715
2026-04-27 13:45:00+00:00,345.9200134277344,348.94000244140625,344.989990234375,348.6549987792969,2082338
2026-04-27 14:00:00+00:00,348.67999267578125,350.6098937988281,348.54998779296875,348.5899963378906,2111153
2026-04-27 14:15:00+00:00,348.4949951171875,350.9100036621094,348.0,350.75,1530639
2026-04-27 14:30:00+00:00,350.760009765625,351.739990234375,349.67999267578125,350.92999267578125,1319575
2026-04-27 14:45:00+00:00,350.95001220703125,351.3999938964844,350.1199951171875,350.94500732421875,836159
2026-04-27 15:00:00+00:00,350.9649963378906,351.3299865722656,349.79998779296875,350.9649963378906,902230
2026-04-27 15:15:00+00:00,351.0,351.5,350.0450134277344,350.2950134277344,791132
2026-04-27 15:30:00+00:00,350.29998779296875,351.0199890136719,350.2699890136719,350.39898681640625,453914
2026-04-27 15:45:00+00:00,350.45001220703125,351.4700012207031,349.8999938964844,351.4700012207031,664989
2026-04-27 16:00:00+00:00,351.4549865722656,351.69989013671875,351.0,351.6000061035156,572385
2026-04-27 16:15:00+00:00,351.6199951171875,351.7699890136719,351.1000061035156,351.65008544921875,452116
2026-04-27 16:30:00+00:00,351.70001220703125,352.2300109863281,351.6700134277344,352.19000244140625,568621
2026-04-27 16:45:00+00:00,352.20001220703125,352.4700012207031,351.385009765625,351.57000732421875,526577
2026-04-27 17:00:00+00:00,351.57000732421875,352.2699890136719,351.4800109863281,352.19500732421875,382799
2026-04-27 17:15:00+00:00,352.19000244140625,352.3399963378906,351.7300109863281,352.2749938964844,419451
2026-04-27 17:30:00+00:00,352.2799987792969,353.07989501953125,352.25,352.9901123046875,622537
2026-04-27 17:45:00+00:00,353.0150146484375,353.17999267578125,352.760009765625,353.1050109863281,406910
2026-04-27 18:00:00+00:00,353.0799865722656,353.1600036621094,352.7300109863281,352.92498779296875,429130
2026-04-27 18:15:00+00:00,352.94000244140625,353.05999755859375,352.3900146484375,352.67498779296875,494622
2026-04-27 18:30:00+00:00,352.69000244140625,352.75,352.1000061035156,352.3349914550781,491686
2026-04-27 18:45:00+00:00,352.32000732421875,352.7200012207031,351.80999755859375,352.1400146484375,480719
2026-04-27 19:00:00+00:00,352.1449890136719,352.614990234375,352.04998779296875,352.3550109863281,442989
2026-04-27 19:15:00+00:00,352.3550109863281,352.5,351.81170654296875,352.489990234375,561863
2026-04-27 19:30:00+00:00,352.4800109863281,352.94000244140625,351.2300109863281,351.6650085449219,840513
2026-04-27 19:45:00+00:00,351.6400146484375,351.760009765625,350.1629943847656,350.3399963378906,2328877
2026-04-28 13:30:00+00:00,348.54998779296875,349.6000061035156,346.1199951171875,348.0400085449219,1582130
2026-04-28 13:45:00+00:00,348.05999755859375,349.1199951171875,347.0101013183594,348.57000732421875,1066167
2026-04-28 14:00:00+00:00,348.6000061035156,350.54998779296875,348.5,350.2300109863281,1116384
2026-04-28 14:15:00+00:00,350.25,352.2749938964844,350.25,351.7699890136719,960151
